ImageID,Source,ClassName,Confidence,XMin,XMax,YMin,YMax,IsOccluded,IsTruncated,IsGroupOf,IsDepiction,IsInside
img_1000,,seaside_scallop,1,0.77890625,0.8268229166666666,0.22361111111111112,0.29953703703703705,-1,-1,-1,-1,-1
img_1000,,seaside_scallop,1,0.64296875,0.91484375,0.5143518518518518,0.9671296296296297,-1,-1,-1,-1,-1
img_1000,,visit_card,1,0.42890625,0.74140625,0.2162037037037037,0.7689814814814815,-1,-1,-1,-1,-1
img_1000,,visit_card,1,0.10703125,0.20442708333333334,0.02361111111111111,0.32175925925925924,-1,-1,-1,-1,-1
img_1000,,buccinum,1,0.47109375,0.51171875,0.8384259259259259,0.9662037037037037,-1,-1,-1,-1,-1